pattern,count,percentage,example
Pair,28647727,0.5634044514331806,11+ 22+ 33+ ...
Three of,3155087,0.06204995113430673,111+ 222+ 333+ ...
Four of,274413,0.005396780894035097
Five of,22880,0.00044997265747440183
Six of,1845,3.628494550001186e-05
Seven of,151,2.9696622062340327e-06
Eight of,9,1.7699973414639932e-07
Others,1541937,0.03032471545227739,123+ 8989+ 10051005+ ...
Has Year,4031894,0.07929379623405139,Year from 1900 to 2035
